qid	similar-qids
1	
3	
5	
7	
9	
11	
13	
15	6603,7415,19273
17	
19	
21	
23	
25	
27	
29	
31	
33	
35	
37	
39	
41	
43	
45	
47	
49	
51	1945,5236,7125,7473,10276,15523,16470,18770,19659
53	
55	
57	7800,13144,18475
59	
61	
63	
65	
67	
69	
71	
73	
75	
77	
79	
81	
83	
85	
87	
89	706,710,2868,3987,8796,10039,10918,15870,18601,19370
91	
93	
95	
97	
99	14916,17573
101	
103	
105	
107	
109	
111	
113	
115	
117	
119	
121	
123	
125	
127	
129	17149
131	
133	
135	
137	17468,18961
139	
141	14717,18898
143	
145	5514,7842
147	
149	
151	
153	
155	
157	
159	12726
161	
163	
165	
167	
169	
171	
173	8023,10566,16016
175	
177	7806,9418
179	180
181	
183	
185	
187	
189	
191	
193	
195	
197	
199	
201	
203	
205	
207	13971
209	
211	
213	
215	
217	13451,19472
219	
221	
223	
225	
227	
229	
231	
233	
235	
237	5244,6109,14004
239	
241	
243	
245	
247	
249	
251	
253	
255	
257	
259	
261	
263	
265	
267	
269	
271	
273	
275	
277	
279	
281	
283	
285	
287	
289	
291	9745
293	
295	
297	
299	
301	
303	
305	
307	
309	
311	
313	
315	
317	
319	7342
321	8828
323	
325	
327	
329	
331	8505
333	
335	
337	
339	
341	
343	
345	
347	
349	
351	
353	
355	
357	
359	
361	
363	
365	
367	2252,9715
369	
371	372,10216,13999
373	
375	
377	
379	
381	
383	13025
385	
387	
389	10893
391	
393	
395	
397	
399	
401	4266
403	
405	
407	17667
409	
411	
413	18335
415	
417	
419	
421	
423	
425	
427	
429	
431	
433	
435	
437	
439	
441	
443	
445	3959,18315
447	2914,9273
449	
451	
453	
455	
457	
459	
461	
463	
465	19368
467	
469	
471	
473	
475	
477	
479	
481	11010,18973
483	
485	
487	
489	
491	
493	
495	
497	
499	
501	10615
503	
505	
507	
509	
511	
513	
515	
517	
519	
521	
523	
525	
527	
530	
532	
534	
536	
538	
540	
542	
544	
546	
548	
550	
552	
554	
556	
558	
560	
562	
564	
566	
568	
570	
572	
574	
576	
578	
580	2344,4569,13465
582	
584	
586	
588	
590	
592	
594	
596	
598	
600	
602	
604	
606	
608	
610	
612	
614	
616	
618	
620	
622	
624	
626	
628	
630	
632	
634	
636	726,6785
638	
640	
642	
644	
646	
648	
650	
652	
653	
655	
657	
659	
661	13789
663	
665	
667	
669	
671	
673	
675	
677	11605
679	
681	
683	
685	
687	
689	
691	
693	
695	
697	
699	
701	3451,13941
703	
705	
706	710,2868,3987,8796,10039,10918,15870,18601,19370
708	
710	2868,3987,8796,10039,10918,15870,18601,19370
712	
714	
716	
718	
720	
722	
724	
726	3275
728	2266
730	
732	
734	
736	
738	
740	
742	
744	
746	
748	
750	
752	
754	
756	
758	
760	
762	
764	
766	
768	
770	
772	
774	
776	
778	
780	
782	
784	
786	
788	
790	
792	
794	
796	
798	
800	
802	
804	
806	
808	
810	
812	
814	
816	
818	
820	
822	
824	
826	
828	
830	
832	
834	
836	
838	
840	
842	
844	3057
846	
848	
850	
852	5059,15062,17661
854	
856	
858	
860	
862	
864	
866	
868	
870	
872	
874	
876	
878	
880	
882	10693
884	
886	2209,8730,19261
888	
890	
892	
894	
896	
898	
900	
902	
904	
906	
908	
910	
912	
914	
916	
918	
920	
922	
924	
926	
928	
930	
932	
934	
936	
938	
940	
942	
944	
946	
948	
950	
952	
954	
956	
958	
960	
962	
964	
966	
968	
970	
972	
974	16376
976	
978	
980	7916,9820,10466
982	
984	
986	
988	
990	
992	
994	
996	
998	
1000	
1002	
1004	
1006	
1008	
1010	
1012	
1014	3863,5539,13007
1016	
1018	
1020	
1022	
1024	
1026	
1028	
1030	
1032	2562,3999,5246,18205
1034	
1036	
1038	1039
1040	
1042	
1044	
1046	
1048	
1050	
1052	17904,7682
1054	
1056	
1058	
1060	
1062	
1064	
1066	
1068	
1070	2739
1072	
1074	
1076	
1078	
1080	
1082	
1084	
1086	
1088	12167,17419,18653
1090	
1092	
1094	14601
1096	
1098	
1100	
1102	
1104	
1106	
1108	19059
1110	
1112	
1114	
1116	
1118	
1120	
1122	
1124	
1126	4037,12851
1128	
1130	
1132	
1134	
1136	
1138	
1140	
1142	
1144	
1146	
1148	
1150	
1152	
1154	
1156	
1158	
1160	
1162	
1164	
1166	
1168	
1170	
1172	
1174	
1176	
1178	
1180	
1182	
1184	
1186	
1188	
1190	
1192	
1194	
1196	
1198	
1200	
1202	
1204	
1206	
1208	
1210	
1212	
1214	
1216	
1218	
1220	
1222	
1224	
1226	
1228	
1230	
1232	
1234	
1236	
1238	
1240	
1242	
1244	
1246	
1248	
1250	
1252	
1254	
1256	
1258	
1260	
1262	
1264	
1266	
1268	
1270	
1272	
1274	
1276	16384
1278	
1280	
1282	
1284	
1286	11396,11588
1288	
1290	
1292	
1293	7914
1295	
1297	
1299	
1301	
1303	
1305	
1307	
1309	
1311	
1313	
1315	
1317	
1319	
1321	
1323	
1325	
1327	
1329	
1331	
1333	
1335	
1337	
1339	
1341	
1343	
1345	
1347	
1349	11008
1351	
1353	15539
1355	
1357	
1359	
1361	
1363	
1365	
1367	
1369	10859,10968,11588,15816,16462
1371	
1373	11286
1375	
1377	2324,6135,8513,9929,10182,14211,18327
1379	
1381	
1383	
1385	
1387	
1389	
1391	
1393	
1395	
1397	
1399	3755,9322,16366,18223,19743
1401	15141
1403	
1189	
1406	
1408	
1410	
1412	
1414	
1416	
1418	
1420	
1422	
1424	
1426	
1428	
1430	
1432	
1434	
1436	
1438	
1440	
1442	
1444	2596
1446	
1448	
1450	
1452	
883	1893,4121,11212
1455	
1457	
1459	
1461	
1463	12149
1465	
1467	
1469	
1471	
1473	
1475	
1477	
1479	
1481	
1483	
1485	
1487	
1489	
1491	
1493	
1495	
1497	
1499	
1501	
1503	16545
1505	
1507	
1509	
1511	
1513	
1515	
1517	
1519	
1521	
1523	
1525	
1527	
1529	
1531	
1533	
1535	
1537	
1539	12930,16428
1541	
1543	4474,6478,7884,9691,16094,18159,19681
1545	
1547	
1549	
1551	
1553	
1555	
1557	
1559	
1561	
1563	
1565	
1567	
1569	
1571	
1573	
1575	
1577	
1579	
1581	
1583	
1585	
1587	
1589	
1591	
1593	
1595	5433,5902,8118,5434,1596,5903,17589
1597	
1599	
1601	
1603	
1605	
1607	
1609	
1611	
1613	
1615	
1617	
1619	
1621	
1623	
1625	
1627	
1629	
1631	
1633	
1635	
1637	
1639	
1641	
1643	
1645	
1647	
1649	
1651	
1653	13678
1655	
1657	
1659	
1661	
1663	
1665	
1667	
1669	
1671	
1673	
1675	
1677	
1679	
1681	
1683	
1685	
1687	
1689	
1691	8304
1693	8101
1695	
1697	
1699	12217
1701	
1703	
1705	
1707	
1709	
1711	
1713	
1715	
1717	
1719	
1721	
1723	
1725	
1727	
1729	
1731	
1733	
1735	
1737	
1739	
1741	
1743	2991
1745	
1747	
1749	
1751	
1753	
1755	
1757	
1759	9867
1761	14408,17412
1763	
1765	
1767	
1769	
1771	
1773	
1775	
1777	
1779	
1781	
1783	
1785	
1787	
1789	
1791	
1793	
1795	
1797	
1799	
1801	
1803	
1805	
1807	
1809	
1811	
1813	
1815	
1817	
1819	
1821	
1823	
1825	
1827	4518
1829	
1831	
1833	
1835	
1837	
1839	
1841	
1843	
1845	
1847	
1849	
1851	
1853	
1855	
1857	
1859	
1861	
1863	
1865	
1867	
1869	
1871	3339
1873	
1875	
1877	
1879	
1881	
1883	
1885	7801,16210
1887	
1889	
1891	
1893	4121,11212
1895	
1897	
1899	7204
1901	16485
1903	
1905	
1907	
1909	
1911	
1913	
1915	
1917	
1919	11357,11600
1921	
1923	
1925	
1927	
1929	
1931	
1933	
1935	
1937	
1939	
1941	
1943	
1945	5236,7125,7473,10276,15523,16470,18770,19659
1947	7253
1949	
1951	
1953	
1955	
1957	
1959	
1961	1962
1963	
1965	
1967	
1969	
1971	
1973	
1975	
1977	
1979	
1981	
1983	
1985	
1987	
1989	
1991	
1993	
1995	
1997	
1999	
2001	
2003	
2005	11432
2007	
2009	
2011	
2013	
2015	
2017	
2019	
2021	
2023	
2025	
2027	
2029	
2031	
2033	
2035	
2037	
2039	
2041	2042
2043	
2045	
2047	
2049	16064
2050	
2052	
2054	
2056	
2058	
2060	
2062	
2064	
2066	
2068	6149,7926
2070	
2072	
2074	
2076	
2078	
2080	
2082	
2084	
2086	
2088	
2090	
2092	
2094	
2096	
2098	
2100	
2102	
2104	
2106	
2108	
2110	
2112	
2114	
2116	
2118	
2120	
2122	
2124	
2126	
2128	
2130	
2132	
2134	
2136	
2138	
2140	7309
2142	
2144	
2146	
2148	
2150	
2152	
2154	
2157	
2159	
2161	14522
2163	
2165	
2167	
2169	
2171	17468,18961
2173	
2175	
2177	
2179	
2181	
2183	
2185	
2187	
2189	
2191	
2193	
2195	16639
2197	
2199	
2201	6270,9209
2203	2219,2204,15292,16706,17225,17762
2205	
2207	
2209	8730,19261
2211	
2213	19332
2215	
2217	
2219	2204,15292,16706,17225,17762
2221	
2222	
2224	
2226	
2228	
2230	
2232	
2234	
2236	
2238	
2240	
2242	
2244	
2246	
2248	
2250	
2252	9715,17138
2254	
2256	
2258	
2260	
2262	
2264	
2266	
2268	
2270	
2272	
2274	
2276	
2278	
2280	
2282	
2284	
2286	
2288	
2290	
2292	9795
2294	
2296	
2298	
2300	
2302	
2304	18892
2306	
2308	
2310	
2312	
2314	
2316	5777,9685,11327,12323,13062,14459,15443,17873,19588
2318	
2320	
2322	3938,11661
2324	8513
2326	
2328	
2330	
2332	
2334	
2336	
2338	
2340	
2342	
2344	4569,13465
2346	
2348	
2350	
2352	
2354	
2356	
2358	
2360	
2362	
2364	19695
2366	
2368	
2370	
2372	
2374	
2376	
2378	
2380	
2382	
2384	
2386	
2388	
2390	
2392	
2394	
2396	
2398	
2400	15961
2402	
2404	
2406	
2408	
2410	
2412	
2414	
2416	
2418	
2420	17264
2422	
2424	
2426	
2428	
2430	
2432	
2434	8010,18062
2436	
2438	10859
2440	
2442	
2444	
2446	
2448	
2450	
2452	
2454	
2456	
2458	
2460	
2462	
2464	
2466	
2468	
2470	14570,2471
2472	
2474	9724
2476	
2478	
2480	
2482	
2484	
2486	
2488	
2490	
2492	
2494	
2496	
2498	
2500	
2502	7682
2504	
2506	
2508	
2510	
2512	
2514	
2516	
2518	
2520	
2522	
2524	
2526	
2528	
2530	
2532	
2534	
2536	
2538	
2540	
2542	
2544	
2546	
2548	
2550	
2552	
2554	
2556	
2558	
2560	
2562	18205
2564	
2566	
2568	
2570	
2572	
2574	
2576	
2578	
2580	
2582	
2584	
2586	
2588	
2590	
2592	
2594	
2596	
2598	
2600	
2602	
2604	
2606	
2608	
2610	
2612	
2614	
2616	
2618	
2620	
2622	
2624	
2626	
2628	
2630	
2632	
2634	
2636	
2638	
2640	
2642	
2644	
2646	
2648	
2650	
2652	
2654	
2656	
2657	
2659	
2661	
2663	
2665	18697
2667	
2669	
2671	
2673	
2675	
2677	
2679	
2681	
2683	
2685	
2687	
2689	
2691	
2693	
2695	
2697	
2699	
2701	
2703	
2705	
2707	
2709	
2711	
2713	
2715	
2717	
2719	
2721	
2723	
2725	
2727	4197,6931,17176,19196,19334
2729	
2731	
2733	
2735	
2737	4571,5779
2739	
2740	
2742	6787,6968,6788,14726,18151
2744	
2746	
2748	
2750	
2752	
2754	
2756	
2758	
2760	
2762	
2764	
2766	
2768	
2770	
2772	
2774	
2776	
2778	
2780	
2782	
2784	
2786	
2788	
2790	
2792	
2794	
2796	
2798	
2800	
2802	
2804	
2806	
2808	
2810	
2812	
2814	
2816	
2818	
2820	
2822	
2824	
2826	
2828	
2830	
2832	
2834	19628
2836	
2838	
2840	7485
2842	
2843	
2845	
2848	
2850	
2852	
2854	
2856	
2858	
2860	
2862	
2864	
2866	
2868	3987,8796,10039,10918,15870,18601,19370
2870	
2872	
2874	
2876	
2878	
2880	
2882	
2884	
2886	
2888	
2890	
2892	
2894	
2896	
2898	
2900	
2902	
2904	
2906	
2908	
2910	
2912	
2914	9273
2916	
2918	
2920	
2923	
2925	
2927	
2929	
2931	
2933	
2935	
2937	
2939	
2941	
2943	
2945	
2947	
2949	18949
2951	
2953	
2955	
2957	
2959	
2961	
2963	
2965	
2967	
2969	
2971	
2973	
2975	
2977	
2979	
2981	
2983	
2985	
2987	
2989	
2991	
2993	
2995	
2997	
2999	
3001	
3003	
3005	
3007	
3009	
3011	
3013	
3015	
3017	
3019	
3021	
3023	
3025	
3027	
3029	
3031	
3033	
3035	
3037	
3039	
3041	
3043	
3045	
3047	
3049	
3051	
3053	
3055	
3057	
3059	
3061	
3063	
3065	
3067	
3069	
3071	
3073	
3075	
3077	
3079	
3081	
3083	
3085	
3087	
3089	
3091	
3093	
3095	
3097	
3099	
3101	
3103	
3105	
3107	
3109	
3111	
3113	
3115	
3117	
3119	
3122	
3124	4175
3126	
3128	
3130	
3132	
3134	
3136	
3138	
3140	
3142	
3144	
3146	
3148	
3150	
3152	
3154	
3156	
3158	
3160	
3162	
3164	
3166	
3168	
3170	
3172	
3174	
3176	
3178	
3180	
3182	
3184	
3186	
3188	
3190	
3192	
3194	
3196	
3198	
3200	
3202	4468,6734,7838,8592,9844,12876,12982,13634,13909,14283,17977,18009,18616,18933,19562
3204	
3206	
3208	
3210	9602
3212	
3214	
3216	
3218	
3220	
3222	
3224	
3226	
3228	
3230	
3232	
3234	
3236	
3238	
3240	
3242	
3244	
3246	
3248	
3250	
3252	
3254	
3256	
3258	
3260	
3262	
3263	
3265	
3267	
3269	
3271	
3273	
3275	
3277	
3279	
3281	
3283	
3285	
3287	
3289	
3291	
3293	
3295	
3297	
3299	
3301	9044
3303	
3305	
3307	
3309	
3311	
3313	
3315	
3317	
3319	
3321	
3323	
3325	
3327	
3329	
3331	
3333	
3335	
3337	8300,19059
3339	
3341	
3343	
3345	
3347	5805,16796
3349	
3351	
3353	
3355	
3357	
3359	
3361	
3363	
3365	
3367	
3369	
3371	
3373	
3375	
3377	
3379	
3381	
3383	
3385	
3387	
3389	
3391	
3393	
3395	
3397	
3399	
3401	
3403	
3405	16148
3407	
3409	
3411	
3413	
3415	
3417	
3419	
3421	
3423	
3425	
3427	
3429	
3431	
3433	
3435	
3437	
3439	
3441	
3443	
3445	
3447	
3449	
3451	13941
3453	
3455	
3457	
3459	
3461	
3463	
3465	
3467	
3469	
3471	
3473	
3475	
3477	
3479	
3481	
3483	
3485	
3488	
3490	
3492	
3494	
3496	12962
3498	
3500	
3502	
3504	
3506	5908
3508	18595
3510	
3512	
3514	
3516	
3518	
3520	
3522	
3524	
3526	
3528	
3530	
3532	
3534	
3536	
3538	
3540	
3542	
877	
3545	3621,9685,11327,11724,13062,14459,15443,17873
3547	
3549	
3551	
3553	
3555	
3557	
3559	
3561	
3563	
3565	18760
3567	
3569	
3571	
3573	
3575	11012
3577	
3579	
3581	
3583	
3585	
3587	
3589	
3591	
3593	
3595	10330
3597	
3599	
3601	
3603	
3605	
3607	
3609	
3611	
3613	
3615	
3617	
3619	
3621	8794,11724,14537,17963,19024,19588
3623	17885
3625	
3627	
3629	
3631	8291
3633	
3635	
3637	
3639	
3641	
3643	
3645	
3647	
3649	
3651	
3653	
3655	
3657	
3659	
3661	
3663	
3665	
3667	
3669	6730,11109
3671	
3673	
3675	
3677	
3679	
3681	
3683	
3685	
3687	
3689	
3691	16700,17245
3693	
3695	
3697	
3699	
3701	
3703	
3705	
3707	
3709	
3711	
3713	
3715	13571
3717	
3719	
3721	
3723	
3725	
3727	
3729	
3731	
3733	
3735	
3737	
3739	
3741	
3743	
3745	
3747	
3749	
3751	
3753	
3755	9322,16366,18223,19743
3757	
3759	
3761	
3763	
3765	
3767	
3769	
3771	
2437	
3774	
3776	
3778	
3780	
3782	
3784	
3786	
3788	
3790	8828
3792	
3794	
3796	
3798	
3800	
3802	
3804	
3807	
3809	
3811	
3813	
3815	
3817	
3819	
3821	
3823	
3825	
3827	
3829	4264,7311
3831	
3833	
3835	
3837	
3839	
3841	
3843	
3845	
3847	
3849	17468,18961
3851	
3853	
3855	
3857	
3859	13789
3861	8144
3863	
3865	
3867	
3869	
3871	
3873	
3876	
3878	10008,11736,14277,18133
3880	
3882	
3884	
3886	
3888	
3890	8068
3892	
3894	
3896	
3898	18849
3900	
3902	
3904	
3906	
3908	
3910	
3912	
3914	
3916	
3918	
3920	
3922	
3924	
3926	
3928	
3930	
3932	
3934	
3936	
3938	
3940	
3942	
3944	
3946	
3947	
3949	
3951	
3953	
3955	
3957	
3959	6111,18315
3961	11991
3963	
3965	
3967	
3969	
3971	
3973	
3975	17904,7682
3977	
3979	
3981	
3983	
3985	
3987	8796,10039,10918,15870,18601,19370
3989	
3991	
3993	
3995	
3997	
3999	5246
4001	
4003	
4005	
4007	
4009	
4011	
4013	
4015	
4017	
4019	
4021	
4023	
4025	
4027	
4029	
4031	
4033	
4035	
4037	12851
4039	
4041	
4043	9736
4045	
4047	
4049	
4051	
4053	
4055	
4057	
4059	
4061	
4063	
4065	
4067	
4069	
4071	
4073	
4075	
4077	
4079	
4081	
4083	
4085	
4087	
4089	
4091	
4093	
4095	
4097	
4099	
4101	
4103	
4105	
4107	
4109	
4111	
4113	
4115	
4117	
4119	
4121	11212
4123	
4125	
4127	
4129	
4131	
4133	
4135	
4137	
4139	
4141	
4143	
4145	
4147	15899
4149	
4151	
4153	
4155	
4157	
4159	
4161	
4163	
4165	
4167	
4169	
4171	
4173	
4175	
4177	
4179	
4181	12632
4183	
4185	9381
4187	
4189	
4191	
4193	
4195	
4197	6931,17176,19196,19334
4199	
4201	
4203	
4205	
4207	
4209	
3074	
4212	
4214	
4216	
4218	
4220	
4222	
4224	
4226	
4228	
4230	
4232	
4234	
4236	
4238	
4240	
4242	
4244	
4246	
4248	
4250	
4252	
4254	
4256	
4258	
4260	
4262	
4264	7311,18052
4266	
4268	
4270	
4272	
4274	
4276	
4278	10232
4280	
4282	
4284	
4286	
4288	
4290	
4292	
4294	
4296	
4298	
4300	
4302	
4304	
4306	4307
4308	
4310	
4312	
4314	
4316	
4318	
4320	
4322	
4324	
4325	
4327	
4329	
4331	
4333	
4335	
4337	
4339	
4341	
4343	
4345	
4347	
4349	
4351	
4353	
4355	
4357	
4359	
4361	
4363	
4365	
4367	
4369	
4371	
4373	
4375	
4377	
4379	
4381	
4383	
4385	
4387	
4389	
4391	
4393	
4395	
4397	
4399	
4401	
4403	
4405	
4407	
4409	
4411	
4413	
4415	
4417	
4419	
4421	
4423	
4425	
4427	
4429	
4431	
4433	
4434	
4436	
4438	
4440	
4442	
4444	
4446	13826
4448	
4450	
4452	
4454	
4456	
4458	
4460	
4462	
4464	
4466	
4468	6734,7838,8592,9844,12876,12982,13634,13909,14283,17977,18009,18616,18933,19562
4470	
4472	
4474	6478,7884,9691,16094,18159,19681
4475	
4477	
4478	
4480	
4482	
4484	
4486	
4488	
4490	
4492	
4494	
4496	
4498	
4500	
4502	
4504	
4506	
4508	16685
4510	
4512	
4514	
4516	
4518	
4520	
4522	
4524	
4526	
4528	
4530	
4532	
4534	
4536	
4538	
4540	16235
4542	6470
4544	
4546	
4548	
4550	
4552	
4554	
4555	
4557	
4559	
4561	
4563	
4565	
4567	
4569	13465
4571	5779
4573	
4575	
4577	
4579	
4581	
4583	
4585	
4587	
4589	
4591	
4593	12736
4595	
4597	
4599	
4601	
4603	
4605	
4607	
4609	
4611	
4613	
4615	
4617	
4619	
4621	
4623	
4625	
4627	
4629	
4631	
4633	
4635	
4637	
4930	
4932	
4934	
4936	
4938	
4940	
4942	
4944	
4946	
4948	
4950	
4952	
4954	
4956	
4958	
4960	
4962	
4964	5234,5395,11632,12475,18689,19345
2123	
4967	
4969	
4971	
4973	
4975	
4977	
4979	
4981	
4983	
4985	
4987	
4989	
4991	
4993	
4995	
4997	
4999	
5001	
5003	
5005	
5007	
5009	
5011	
5013	
5015	
5017	
5019	
5021	
5023	
5025	
5027	13723
5029	
5031	
5033	
5035	
5037	
5039	
5041	
5043	
5045	
5047	
5049	
5051	
5053	
5055	
5057	
5059	15062,17661
5061	
5063	
5065	
5067	
5068	
5070	
5072	
5074	
5076	
5078	
5080	
5082	
5084	
5086	
5088	
5090	
5092	
5094	
5096	8207
5098	
5100	
5102	
5104	
5106	
5108	
5110	10162
5112	
5114	
5116	
5118	
5120	
5122	12241
5124	
5126	
5128	
5130	
5132	
5134	
5136	
5138	
5140	
5142	
5144	
5146	
5148	7273
5150	
5152	
5154	
5156	
5158	
5160	
5162	
5164	
5166	
5168	
5170	
5172	
5174	
5176	
5178	
5180	
5182	8132,13092
5184	
5186	
5188	
5190	
5192	
5194	
5196	
5198	
5200	
5202	
5204	
5206	
5208	
5210	
5212	
5214	
5216	
5218	
5220	
5222	
5224	
5226	
5228	
5230	
5232	19590,19642
5234	5395,11632,12475,18689,19345
5236	7125,7473,10276,15523,16470,18770,19659
5238	
5240	
5242	
5244	6109,14004
5246	
5248	
5250	
5252	
5254	
5256	
5258	
5260	
5262	18218
5264	
5266	
5268	
5270	
5273	
5275	
5278	
5280	
5282	
5284	
5286	
5288	
5289	
5291	
5293	
5295	
5297	
5299	
5301	
5303	
5305	
5307	
5309	
5311	
5313	
5315	
5317	
5319	
5321	
5323	
5325	
5327	
5329	
5331	
5333	
5335	
5337	
5339	
5341	
5343	
5345	
5347	
5349	
5351	
5353	
180	
5356	
5358	
5360	
5362	
5364	
76	
5367	
5369	
5371	
5373	6821
5375	
5377	
5379	
5381	
5383	
5385	
5387	
5389	
5391	
5393	
5395	11632,12475,18689,19345
5397	
5399	
5401	
5403	
5405	
5407	
5409	
5411	
5413	
5415	
5417	
5419	
5421	
5423	
5425	
5427	
5429	
5431	
5433	5902,8118,5434,1596,5903,17589
5435	
5437	
5439	
5441	
5443	
5445	
5447	
5449	
5451	
5452	
5454	
5456	
5457	
5459	
5461	
5463	
5465	
5467	8173
5469	
5471	
5473	
5475	
5477	
5479	
5481	
5483	
5485	
5487	
5489	
5491	
5493	
5495	
5497	
5499	
5501	
5503	
5505	
5507	
5509	
5512	
5514	
5515	
5517	14158
5519	
5521	
5523	
5525	
5527	
5529	
5531	
5533	
5535	
5537	
5539	8120,8400,10440,11117,13007,14167,16328
5541	
5543	
5545	
5547	
5549	
5551	
5553	
5555	
5557	
5559	
5561	
5563	
5565	
5567	
5569	
5571	
5573	
5575	
5577	
5579	
5581	
5583	
5585	
5587	
5589	
5591	
5593	
5595	
5597	
5599	
5601	
5603	
5605	
5607	
5610	
5612	
5614	
5616	
5618	11616
5620	
5622	
5624	
5626	
5628	
5630	
5632	
5634	
5636	
5638	
5640	
5642	
5644	
5646	
5648	
5650	
5652	
5654	
5657	
5659	
5661	
5663	
5665	
5667	5868,15131
5669	
5671	7324,9171
5673	
5675	
5677	
5679	
5681	
5683	
5685	
5687	
5689	
5691	
5693	
5695	
5697	
5699	
5701	
5703	
5705	
5707	
5709	
5711	
5713	
5716	
3750	
5719	
5721	
5723	
5725	14788
5727	
5729	
5731	
5733	
5735	
5737	
5739	
5741	
5743	
5745	
5747	
5749	
5751	
5753	
5755	
5757	
5759	
5761	
5763	
5765	
5767	
5769	
5771	
5773	
5775	
5777	8794,9685,11327,12323,13062,14459,14537,15443,17873
5779	
5781	
5783	
5785	
5787	
5789	7806,16166
5791	
5793	
5795	
5797	
5799	
5801	
5803	
5805	16796
5807	
5809	
5811	
5813	
5815	
5817	
5819	
5821	
5823	
5825	
5827	
5829	
5831	
5833	
5835	
5837	
5839	
5841	
5843	
5845	
5847	
5849	
5851	
5853	
5855	
5857	
5859	6330,10378
5861	
5863	
5865	
571	
5868	
5870	
5872	
5874	
5876	
5878	
5880	
5882	
5884	
5886	
5888	
5890	
5892	
5894	
5896	
5898	
5900	
5902	8118,5434,1596,5903,17589
5904	
5906	
5908	
5910	
5912	
5914	
5915	
5917	
5919	
5921	
5923	
5925	
5927	
5929	
5931	
5933	
5935	
5937	
5939	
5941	
5943	
5945	
5947	
5949	
5951	
5953	
5955	
5957	
5959	
5961	
5963	
5965	
5967	
5969	
5971	
5973	
5975	
5977	
5979	
5981	
5983	
5985	
5987	
5989	
5991	
5993	
5995	
5997	
5999	
6003	
6005	
6007	
6009	
6011	
6013	
6015	
6017	
6019	14721
6021	
6023	
6025	
6027	
6029	
6031	
6033	
6035	
6037	
6039	
6041	
6043	
6045	
6047	
6049	
6051	
6053	
6055	
6057	
6059	
6061	
6063	13006
6065	
6067	
6069	
6071	
6073	
6075	
6077	
6079	
6081	
6083	
6085	
6087	
6089	
6091	
6093	
6095	
6097	
6099	
6101	
6103	
6105	
6107	
6109	14004,15441
6111	18315
6113	
6115	
6117	
6119	11600
6121	
6123	
6125	
6127	
6129	
6131	
6133	
6135	8513
6137	
6139	
6141	
6143	
6145	
6147	
6149	7926
6151	
6153	
6155	
6157	
6159	
6161	
6163	
6165	
6167	
6169	
6171	10674
6172	
6174	
6176	
6178	
6180	
6182	
6184	
6186	
6188	
6190	
6192	
1039	
6195	
6197	
6199	
6201	
6203	
6205	
6207	
6209	
6211	
6213	
6215	
6217	
6219	
6221	
6223	
6225	
6227	
6229	
6231	
6233	
6235	
6237	
6239	
6241	
6243	
6245	
6247	
6249	
6251	
6253	
6255	
6257	
6259	
6261	
6263	
6265	
6266	
6268	
6270	9209
6272	
6274	
6276	
6278	
6280	
6282	
6284	18153
6286	
6288	
6290	
6292	
6294	
6296	
6298	
6300	
6302	
6304	
6306	
6308	
6310	
6312	
6314	
6316	
6318	
6320	
6322	
6324	7008
6326	
6328	
6330	7069,10378,15497,19735
6332	
6334	
6336	
6338	
6340	
6342	
6344	
6346	
6348	
6350	
6352	
6354	
6356	
6358	
6360	
6362	
6364	9306,14824
6366	
6368	
6370	
6372	
6374	
6376	
6378	
6381	
6383	
6385	
6387	8616
6389	
6391	
6393	
6395	
6397	
6399	
6401	
6403	
6405	
6407	
6409	
6411	
6413	
6415	
6417	
6419	
6421	8469,9185,13248,16340,17410,18108
6423	
6425	
6427	
6429	
6431	
6433	
6435	
6437	
6439	
6441	
6443	9838
6445	
6447	
6449	
2204	15292,16706,17225,17762
6452	
6454	
6456	
6458	
6460	
6462	
6464	
6466	
6468	
6470	
6472	
6474	
6476	
6478	7884,9691,16094,18159,19681
6480	
6482	17692
6484	
6486	
6488	
6490	
6492	
6494	
6496	
6498	
6500	
6502	
6504	
6506	
6508	
6510	
6512	
6514	
6516	
6518	
6520	
6522	
6524	
6526	
6528	
6530	
6532	
6534	
6536	
6538	
6540	
6542	
6543	
6545	
6547	
6549	
6551	
6553	
6555	
6557	
6559	
6561	
6563	
6565	
6567	
6569	
6571	
6573	
6575	
6577	
6579	
6581	
6583	
6585	
6587	
6589	
6591	13897
6593	
6595	
6597	
6599	
6601	
6603	
6605	
6607	
6609	
6611	
6613	
6615	
6617	
6619	
6621	
6623	
6625	
6627	
6629	
6631	
6633	
6635	
6637	
6639	
6641	
6643	
6645	
6647	
6649	
6651	
6653	
6655	
6657	
6659	
6661	
6663	
6665	
6667	
6669	
6671	
6673	
6675	
6677	
6679	16931
6681	
6683	
6685	
6687	
6689	
6691	
6693	
6695	
6697	
6699	18363
6701	
6703	
6705	
6707	
6709	
6711	
6713	
6715	17525
6717	
6719	
4265	
6722	
6724	
6726	
6728	
6730	8363
6732	
6734	7838,8592,9844,12876,12982,13634,13909,14283,17977,18009,18616,18933,19562
6736	
6738	
6740	
6742	
6744	
6746	
6748	
6750	
6752	
6754	
6756	
6758	
6760	
6761	
6763	
6765	
6767	
6769	
6771	
6773	
6775	
6777	
6779	7505
6781	16685
6783	
6785	
6787	6968,6788,14726,18151
6789	
6791	
6793	
6795	
6797	
6799	12028
6801	
6803	
6805	
6807	
6809	
6811	
6813	
6815	
6817	
6819	
6821	11684
6823	
6825	
6827	
6829	
6831	
6833	
6836	
6838	
6840	
6842	
6844	12271
6846	
6848	
6850	
6852	
6854	
6856	
6858	
6860	
6861	
6863	
6865	
6867	12315
6869	
6871	11061
6873	
6875	
6877	
6879	
6881	
6883	
6885	
6888	
6890	
6892	
6893	9443
6895	
6897	
6899	
6901	
6903	
6905	
6907	
6909	
6911	
6913	
6915	
6917	
6919	
6921	
6923	
6925	
6927	
6929	
6931	17176,19196,19334
6933	
6935	
6937	
6939	
6941	
6942	
6944	
6946	
6948	
6950	
6952	
6954	
6956	
6958	
6960	
6962	
6964	
6966	
6968	6788,14726,18151
6970	
6972	
6974	
6976	
6978	
6980	
6982	
6984	
6986	
6988	
6990	
6992	
6994	
6996	
6998	
7000	
7002	
7004	
7006	
7008	
7010	
7012	
7014	
7016	14695,18851,19199
7017	
7019	
7021	
7023	
7025	
7027	
7029	
7031	
7033	
7035	
7037	
7039	
7041	
7043	
7045	
7047	
7049	17468,18961
7051	
7053	
7055	
7057	
7059	
7061	
7063	
7065	
7067	
7069	10378
7071	
7073	
7075	
7077	
7079	
7081	
7083	
7085	
7087	
7089	
7091	
7093	
7095	
7097	
7099	
7101	7102
7103	
7105	
7107	
7109	
7111	
7113	
7115	
7117	
7119	
7121	
7123	
7125	7473,10276,15523,16470,18770,19659
7127	
7129	
7131	
7133	
7135	
7137	
7139	
7141	
7143	
7145	
7147	
7149	
7151	
7153	
7155	
7157	
7159	
7161	
7163	
7165	
7167	
5895	
7170	
7172	
7174	
7176	
7178	
7180	
7182	
7184	
7186	
2267	11766
7189	
7191	
7193	
7195	
7197	
7199	
7202	8677
7204	18111
7206	
7208	
7210	
7212	
7214	
7216	
2741	
7219	
7221	
7223	
7225	
7227	
7229	
7231	
7233	
7235	
7237	
7239	
7241	
7243	
7245	
7247	
7249	
7251	
7253	
7255	
7257	
7259	
7261	18752
7263	
7265	
7267	
7269	
7271	
7273	9426
7275	
7277	
7279	
7281	
7283	
7285	
7287	
7289	
7291	
7293	
7295	19628
7297	
7299	
7301	
7303	
7305	
7307	
7309	
7311	18052
7313	
7315	
7317	
7319	
7320	
7322	
7324	
7326	
7328	
7330	
7332	
7334	
7336	
7338	
7340	
7342	320
7344	
7346	
7348	
7350	
7352	
7354	
7356	
7358	
7360	
7362	
7364	
7366	
7368	10728
7370	
7372	
7374	
7376	
7378	
7379	
7381	
7383	
7385	
7387	
7389	
7391	10804
7393	
7395	
7397	
7399	
7401	
7403	
7405	
7407	
7409	
7411	
7413	
7415	19273
7417	
7419	
7421	
7423	
7425	
7427	
7429	
7431	
7433	
7435	
7437	
7439	
7441	
7443	
7445	
7447	
7449	
7451	
7453	
7455	
7457	
7459	
7461	
7463	
7465	
7467	
7469	
7471	
7473	10276,15523,16470,18770,19659
7475	
7477	
7479	
7481	
7483	
7485	
7487	
7489	
7491	
7493	
7495	
7497	
7499	
7501	
7503	
7505	
7507	
7509	
7511	15211,18104
7513	
7515	
7517	
7519	
7521	
7523	
7525	
7527	
7529	
7531	
7533	
7535	
7537	
7539	
7541	
7543	
7545	
7547	
7549	
1542	
7552	
7554	
7556	
7558	
7560	
7562	
7564	
7566	
7568	
7570	
7572	
7574	
7576	
7578	
7580	
7582	
7584	8910
7586	
7588	
7590	
7592	
7594	
7596	
7597	
7599	
7601	
7603	
7605	
7607	
7609	
7611	
7613	
7615	
7617	
7619	
7621	
7623	
7625	
7627	
7629	
7631	
7633	
7635	
7637	
7639	
7641	
7643	
7645	
7647	
7649	
7651	
7653	
7655	
7657	
7659	
7661	
7663	
7665	
7667	
7669	
7671	
7673	
7675	
7677	
7679	
7681	
7683	
7685	
7687	
7689	
7691	
7693	13674,14006
7695	
7697	
7699	
7701	
7703	
7705	
7707	
7709	
7711	
7713	
7715	
7717	
7719	
7721	
7723	
7725	
7727	
7729	
7731	
7733	
7735	
7737	
7739	
7741	
7743	
7745	
7747	
7749	
7751	
7753	
7755	
7757	
7759	10464
7761	
7763	
7765	
7767	
7769	
7771	
7773	
7775	
7777	
7779	
7781	
7783	
7785	
7788	
7790	
7792	
7794	
7796	
7798	
7800	13144
7802	
7804	
7806	
7808	
7810	
7812	
7814	
7816	
7818	
7820	
7822	
7824	
7826	
7828	
7830	
7832	
7834	
7836	
7838	8592,9844,12876,12982,13634,13909,14283,17977,18009,18616,18933,19562
7840	
7842	
7843	
7845	
7847	
7849	
7851	
7853	
7855	12738
7857	
7859	
7861	
7862	
7864	
7866	
7868	
7870	
7872	
7874	
7876	
7878	
7880	
7882	
7884	9691,16094,18159,19681
7886	
7888	
7890	
7892	
7894	
7896	
7898	
7900	
7903	
7905	
7906	
7908	
7910	
7912	
7914	
7916	10466
7918	
7920	
7922	
7924	
7926	
7928	
7930	
7932	
7934	
7936	
7938	
7940	
7942	
7944	
7946	
7948	8475,15473
7950	
7952	
7954	
7956	18079
7958	
7960	
7961	
7963	
7965	10940
7967	
7969	
7971	
7973	9993
7975	
7977	
7979	
7981	
7982	
7984	
7986	
7988	
7990	
7992	
7994	
7996	
7998	
8000	
8002	
8004	
8006	
8008	
8010	18062,18776
8012	14209,14967,15897
8015	
8017	
8019	
8021	
8023	10566,16016
8025	
8027	
8029	
8031	
8033	
8035	
8037	
8038	
8040	
8042	
8044	
8046	
8048	
8050	
8052	
8054	
8056	
8058	
8060	
8062	
8064	8232,18659
8066	11804
8068	
8070	
8072	
8074	
8076	
8078	
8080	
8082	
8084	
8086	
8088	
8090	
8092	
8094	
8096	
8098	
8099	
8101	
8103	
8105	
8107	
8109	
8111	
8113	
172	
8116	
8118	5434,1596,5903,17589
8120	13007
8122	
8124	
8126	
8128	
8130	
8132	13092
8134	
8136	
8138	
8140	
8142	
8144	
8146	
8147	15257
8148	
8150	
8152	
8154	13144
8155	
8157	
8159	
8161	
8163	
8165	
8167	
8169	
8171	
8173	
8175	
8177	
8179	
8181	
8183	
8185	
8187	
8189	
8191	
8193	
8195	
8197	
8199	
8201	
8203	
8205	
8207	
8208	
8210	
8212	
8214	
8216	
8218	
8220	
8222	
8224	
8226	
8228	
8230	
8232	18659
8234	
8236	
320	
8240	8830,14167
8242	
8244	
8246	
8248	
8250	
8252	
8254	
8256	
8258	
8260	
8262	
8264	
8266	
8268	
8269	
8271	
8273	
8275	
8277	
8279	
8281	
8283	
8285	
8287	
8289	
8291	
8293	
8295	9357
8296	
8298	
8300	19059
8302	
8304	
8306	
8308	
8310	
8312	
8314	
8316	
8318	
8320	
8322	
8324	
8326	
8328	
8330	
8332	
8334	
8336	
8338	
8340	
8342	
8344	
8346	
8348	
8350	
8352	
8354	
8356	
8359	
8361	
8363	
8365	
372	10216,13999
8368	
8370	
8372	
8374	
8376	
8378	
8380	
8382	
8384	
8386	
8388	
8390	
8392	
8394	
8396	
8398	
8400	13007
8402	
8404	
8406	
8408	
8410	
8412	
8414	
8416	
8418	
8420	
8422	
8424	11137
8426	
8428	
8429	
8431	
8433	
8435	
8437	
8439	
8441	
8443	
8445	
8447	
8449	
8451	
8453	
8455	
8457	
8459	
8461	13661,6749,19138
8463	
8465	
8467	
8469	9185,13248,16340,17410,18108
8471	
8473	10425
8475	
8477	
8479	
8481	
8483	
8485	
8487	
8489	
8491	
8493	
8495	
8497	
8499	
8501	
8503	
8505	
8507	
8509	
8511	
8513	9929,10182,14211,18327
8515	
8517	
8519	
8521	
8523	
8525	
8527	
8529	
8531	
8533	
8535	
8537	
8539	
8541	15473
8543	
8545	
8547	
8549	
8551	
8553	
8555	
8557	
8559	
8561	
8563	
8565	
8567	
8570	
8572	
8573	
8575	
8577	
8579	
8581	
8582	
8584	
8586	
8588	
8590	
8592	9844,12876,12982,13634,13909,14283,17977,18009,18616,18933,19562
8594	
8596	
8598	
8600	
8602	14354
8604	
8606	
8608	
8610	
8612	
8614	
8616	
8618	
8620	
8622	
8624	
8625	
8627	
8629	
8631	
8633	
8635	
8637	
8639	
8641	
8643	
8645	
8647	
8649	
8651	
8653	
8655	
8657	
8659	
8661	
8663	
8665	17174
8667	
8669	
8671	
8673	
8675	
8677	
8679	
8681	
8683	
8686	
8688	
8690	
8692	
8694	
8696	
8698	
8700	
8702	10218
8704	
8706	
8708	
8710	
8712	
8714	
8716	
8718	
8720	
8722	
8724	
8726	
8728	
8730	19261
8732	
8734	
8736	
8738	
8740	
8742	16685
8744	14911
8746	
8748	
8750	
8752	
8754	
8756	
8758	
8760	
8762	
8764	
8766	
8768	
8770	
8772	
8774	
8776	
8778	
8780	
8782	
8784	
8786	
8788	
8790	17468,18961
8792	
8794	9685,11327,11724,12323,14459,14537,15443,17873,19024,19588
8796	10039,10918,15870,18601,19370
8798	
8800	
8802	
8804	
8806	
8808	
8810	
8812	
8814	
8816	
8818	
8820	
8822	
8824	
8826	
8828	
8830	
8832	
8834	
8836	
8838	
8840	
8842	
8844	
8846	
8848	16486
8850	
8852	
8854	15824,18804
8856	
8858	
8860	
8862	
8864	
8866	
8868	
8870	
8872	
7116	
8875	
8877	
8879	
8881	
8883	
8885	
8886	
8888	
8890	
8892	
8894	
8896	
8898	
8900	
8902	
8904	
8906	
8908	
8910	
8911	
8913	
8915	
8917	
8919	
8921	
8923	
8925	
8927	
8929	
8931	
8933	
8935	
8937	
8939	
8941	
8943	
8945	
8947	
8949	
8951	
8953	13801
8955	
8957	
8959	
8961	
8963	
8965	
8967	
8969	
8970	
8972	
8974	
8976	
8978	
8980	
8982	
8984	
8986	
8988	
8990	
8992	
8994	
8996	
8998	
9000	
9002	
9004	
9006	
9008	
9010	
9012	
9014	
9016	
9018	
9020	
9022	
9024	
9026	
9028	
9030	
9032	
9034	
9036	
9038	
9040	
9042	
9044	
9046	
9048	
9050	
9052	
9054	
9056	
9058	
9060	
9062	
9064	
9066	
9068	
9070	
9072	
9074	
9076	
9078	
9080	
9082	
8255	16931
9084	
9086	
9088	
9090	
9092	
9094	
9096	
9098	
9100	
9102	
9104	
9106	14689
9108	
9110	
9112	
9114	
9116	
9118	
9120	
9122	
9124	
9126	
9128	
9130	
9132	
9134	
9136	
9138	
9139	
9141	
9143	
9145	
9147	
9149	
9151	
9153	
9155	
9157	
9159	
9161	
9163	
9165	
9167	
9169	
9171	10796
9173	
9175	
9177	
9179	
9181	
9183	
9185	13248,16340,17410,18108
9187	11804
9189	11175
9191	
9193	
9195	
9197	
9199	
9201	
9203	
9205	
9207	
9209	
9211	
9213	
9215	
9217	
9219	
9221	
9223	
9225	
9227	
2042	
9229	
9231	
9233	
9235	
9237	
9239	
9241	
9243	
9245	
9247	
9249	
9251	
9253	
9255	
9257	
9259	
9261	
9263	
9265	
9267	
9269	
9271	
9273	
9275	
9277	
9279	
9281	
9284	
9286	
9288	
9290	
9292	
9294	
9296	
9298	
9300	
9302	
9304	
9306	14824
9308	
9310	
9312	
9314	
9316	
9318	
9320	
9322	16366,18223,19743
9324	
9326	
9328	
9330	
9332	
9334	
9336	
9338	
9340	
9342	
9344	
9346	
9348	
9349	
9351	
9353	
9355	
9357	
9359	
9361	
9363	
9365	
9367	
9369	
9371	
9373	
9375	
9377	
9379	
9381	14332
9383	
9385	
9387	
9389	
9391	
9393	
9395	
9397	
9399	
9401	
9403	
9405	
9407	
9409	14810
9410	
9412	
9414	
9416	
9418	
9420	
9422	
9424	
9426	19079
9428	
9430	
9432	
9434	
9436	
9438	
9439	
9441	
9443	19144
9444	
9446	
9448	
9450	
9452	
9454	
9456	
9458	
9460	
9462	
9464	
9466	14952
9468	
9470	
9472	
9474	
9475	
9477	
9479	
9481	
9483	
9485	
9487	
9489	
9491	
9493	
9495	
9497	
9499	
9501	
9503	
9505	
9508	
9509	
9511	
9513	
9515	
9517	
9519	
9521	11521,11921
9523	
9525	
9527	
9529	
9531	
9533	
9535	
9537	
9539	
9541	
9543	
9545	
9547	
9549	
9551	
9553	
9555	
9557	
9559	
9561	
9563	
9565	
9567	
9569	
9571	
9573	
9575	
9577	
9579	
9580	
9582	
9584	
9586	
9589	
9591	
9594	
9596	13324,19753
9598	
9600	
9602	
9604	
9606	
9608	
9610	
9612	
9614	
9616	
9618	
9620	
1105	
9623	
9625	
9627	
9629	
9631	
9633	
9635	
9637	
9639	
9641	
9643	
9645	
9647	
9649	
9651	
9653	
9655	
9657	
9659	
9661	
9663	
9665	
9668	
9670	
9672	
9674	
9677	
9679	
9681	
9683	
9685	11327,14459,14537,15443,17873,19024,19588
9687	14717
9689	
9691	16094,18159,19681
9693	
9695	
9697	
9699	
9701	
9703	
9705	
9707	
9709	
9711	
9713	
9715	
9717	
9719	18820
9720	
9722	
9724	
9726	
9728	
9730	
9732	
9734	
9736	
9738	
9739	
9741	
9743	
9745	
9746	
9748	
9750	
9752	
9754	
9755	
9757	
9759	
9761	
9763	
9765	
9767	
9769	19290
9771	13571
9773	
9775	
9777	13522,17272
9779	
9781	
9783	
9785	
9787	
9789	
9791	
9793	
9795	
9796	
9798	
9800	
9802	
9804	
9806	
9808	
9810	
9812	
9814	
9816	
9818	
9820	10466
9822	
9824	
9826	9827
9828	
9830	
9831	
9833	
9835	
9836	
9838	
9840	
9842	
9844	12876,12982,13634,13909,14283,17977,18009,18616,18933,19562
9846	
9848	
9850	
9852	
9854	
9856	
9858	
9860	
9862	
9864	
9865	
9867	
9869	
9871	
9873	17437
9875	
9877	
9879	
9881	
9883	
9885	
9887	
9889	
9891	
9893	
9895	
9897	
9899	11091
9901	
9903	
9905	
9907	
9909	
9911	
9913	
9915	
9918	
9920	
9922	
9925	
9927	
9929	17754,18327
9931	
9933	
9935	
9937	
9939	
9941	
9943	
9945	
9947	
9949	
9951	
9954	
9956	
9958	
9961	
9963	
9965	
9967	13114,13789
9969	
9970	
9972	
9974	
9976	
9978	
9980	
9982	
9984	
9985	
9987	
9989	
9991	
9993	
9995	
9997	
9999	
10001	
10003	
10005	
10007	
10008	11736,14277,18133
10010	
10011	
10013	
10015	
10017	
10019	
10021	
10023	
10025	
10027	
10029	
10031	
10033	16072
10035	
10037	
10039	10918,15870,18601,19370
10041	14875
10043	
10044	
10046	
10048	
10050	
10052	
10053	
10055	
10057	
10059	
10061	
10063	
10065	
10067	
10069	
10071	
10073	
10075	
10077	
10079	
10081	
10083	
10085	
10087	
10089	
10091	
10093	
10095	
10097	
10099	
10101	
10103	
10105	
10107	
10109	
10111	
10113	
10115	
10117	
10119	
10120	
10121	
10123	
10125	
10127	
10129	
10131	
10133	
10135	
10137	
10139	
10141	
10143	
10145	
10147	14660
10149	
10151	
10154	
10156	
10158	
10160	
10162	
10164	
10166	
10168	
10170	
10172	
10174	
10176	
10178	
10180	
10182	
10184	
10186	
10188	
10190	
10192	
10194	
10196	
10198	
10200	17824,19556
10202	
10204	
10205	
10207	
10209	
10211	
10213	
10216	13999
10218	
10220	
10222	
10224	
10226	
10228	
10230	
10232	
4370	
10236	
10238	
10240	
10242	
10244	
10246	
10248	
6481	
10250	
10252	
10254	
10256	
10258	
10260	
10262	
10264	
10266	
10268	
10270	
10272	
10274	
10276	15523,16470,18770,19659
10278	
10280	
10281	
10283	
10285	
10287	
10289	
10291	
10293	
10295	
10296	
10298	14453
10300	
10302	
10304	
10306	
10308	
10309	
10311	
10313	
10315	
10317	
10319	
10321	
10323	
10325	
10327	
10329	
10331	
10333	
10335	
10337	
10339	
10341	
10343	
10345	
10347	
10349	
10351	
10353	
10355	
10357	
10360	11424
10362	
10364	
10366	
10368	
10370	
10372	
10374	
10376	
10378	15497,19735
10380	
10382	17231
10383	
10385	
10387	
10389	
10391	
10393	
10395	
10397	
10399	
10401	
10403	
10405	
10407	
10409	
10411	
10413	
10415	
10417	
10419	
10421	
10423	
10425	
10427	
10429	
10431	
10433	
10434	
10436	
10438	
10440	13007
10442	
10444	
10446	
10448	
10450	
10452	
10454	
10456	
10458	
10460	
10462	
10464	
10466	
10468	
10470	
10472	
10474	
10476	
10478	
10481	
10483	
10485	
10487	
10489	
10491	
10493	
10495	
10496	
10498	12616,17525
10500	
10502	14770
10503	
10505	
10507	
10509	
10511	
10513	
10515	
10517	
10519	
10521	
10523	
10525	
10527	
10529	
10531	
10533	
10535	
10537	
10539	
10541	
10543	
10545	
10547	
10549	
1181	
10552	
10554	
10556	
10558	
10560	
10562	
10564	
10566	16016
10568	
10570	
10572	
10574	
10576	
10578	
10580	
10582	
10584	
10586	
10588	
10590	
10592	
10594	
10596	
10598	
10600	
10602	
10604	
10606	
7738	
10609	
10611	
10613	
10615	
10616	
10618	
10620	
10622	
10624	
10626	
10628	
2093	10630
10631	12843
10633	
10635	
10637	
10639	
10641	
10643	
10645	
10647	
10649	
10651	
10653	
10655	
10657	
10658	
10661	
10663	
10665	
10667	
10669	
5434	1596,5903,17589
10672	
10674	
10675	
10677	
10679	
10681	
10683	
10685	
10687	
10689	
10691	
10693	
10695	
10697	
10699	
10702	
10704	
10706	
10708	
10710	
10712	
10714	
10716	
10718	
10720	
10722	
10724	
10726	
10728	
10729	
10731	
10733	
10735	
10737	
10739	
10741	
10743	
10745	
10747	
10749	
10751	
10753	
10755	
10757	
10759	
10761	
10763	
10765	
10767	
10769	
7968	
10772	
10774	
10776	
10778	
10780	
10782	
10784	
10786	
10788	
10790	
10792	
10794	
10796	
10797	
10799	
10801	
9027	
4100	17278
10805	
10807	
10809	
10811	
10813	
10815	
10817	
10819	
10821	
10823	
10825	
10827	
10829	
10831	
10833	
10836	
10838	
10840	
10842	
10844	
10846	
10848	
10850	
10852	
10854	
10856	
10858	
10859	
10860	
10862	
10864	
10441	
10867	
10869	
10871	
10873	
10875	
10877	
10879	
10881	
10883	
10885	
10887	
10889	
10891	
10893	
10895	
10897	
10899	
10901	
10903	
10905	
10907	
10909	
10910	
10912	
10914	
10916	12733
10918	15870,18601,19370
10920	
10922	
10924	
10926	
10928	
10930	
10932	11077,12021
10934	
10936	
10938	
10940	
10942	1942
10944	
10946	
10947	
10950	
10953	
10955	
10957	
10959	
10961	
10963	
10966	
10968	
10970	
10972	
10974	
10976	
10978	
10980	
10982	
10984	
10986	
10988	
10990	
10992	
10994	
10996	
10998	
11000	
11002	
11004	
11006	
11008	
11010	18973
11012	
11014	
11016	
11018	
11020	
11022	
11024	
11026	
11028	
11030	
10670	
11033	
11034	
11035	
11037	
11039	
11041	
11043	
11045	
11047	
11049	
11051	
11053	
11055	
11057	
11059	
11061	
11063	
11065	
11067	
11069	
11071	
11073	
11075	
11077	
11079	
11081	
11083	
11085	
11087	
11089	
11091	
11093	
11095	
11097	
11099	
11101	
11103	
11105	
11107	
11109	
11111	
11113	
11115	
11117	13007
11119	
11121	
11123	
11125	
11127	
11129	
11131	
11133	
11135	
11137	
11139	
11141	
11143	
11145	
11147	
11149	
11151	
11153	
11155	
11157	
11159	
11161	
11163	
11165	
11167	
11169	
11171	
11173	
11174	
11176	
11178	
11180	
11182	
11184	
11186	
11188	
11190	
11192	
11194	
11196	
11198	17628
11200	
11202	
11204	
11206	
11208	
11210	
11212	
11214	
11216	
11218	
11220	
11222	
11224	
11226	
11227	
11229	
11231	
11233	
11234	
11236	
11238	
11240	
11242	
11244	
11246	18297
11248	
11250	
11252	
11254	
2531	
11257	
11259	
11261	
11263	
11265	
11267	
11269	
11270	
11272	
11274	
11276	
11278	
11280	
11282	
11284	
11286	
11288	
11290	
11292	
11294	
11296	
11298	
11300	
11302	
11304	
11306	
11309	
11311	
11313	
1942	
11315	
11317	
11319	
11321	
11323	
11325	
11327	14459,14537,15443,17873,19024,19588
11329	
11331	
11333	
11335	
11336	
11338	
11340	
11342	
11344	
11346	
11349	
11351	
11353	
11355	
11357	11600
11359	
11361	
11363	
11365	
11367	
11369	
11371	
11374	
9017	
11376	
11378	
11380	
11382	
11384	
11386	
11388	
11390	
11392	
11394	
11396	11588,13756
11398	
11400	
11402	
11404	
11406	
11408	11638
11409	
11411	
11413	
11415	
11417	
11419	
11421	
11424	
11426	
11428	
11430	
11432	
11434	
11436	
11438	
11440	
11442	
11444	
11446	
11448	
11450	
11452	
11454	
11456	
11458	
11460	
11462	
11464	
11466	
11468	
11470	
11472	
11474	
11476	
11478	
11480	
11482	
11484	
11486	
11488	
11490	
11492	
11494	
11496	
11498	
11500	
11502	
11504	
11506	
11508	
11511	
11513	
11515	
11517	
11519	
11521	11921,17159,17595
11522	
11524	
11526	
11528	
11530	
11532	
11534	
11536	
11538	
11540	
11542	
11544	
11546	
11548	
11550	
11552	
11554	
11556	
11558	
11560	
11562	
11564	11638,18720
11566	
11568	
11570	
11572	
11574	
11576	
11578	
11580	
11582	
11584	
11586	
11588	6749
11589	
11592	
11594	
11596	
11598	
11601	
11603	
11605	
11606	
11608	
11610	
11612	
11614	
11616	
11617	
11619	
11621	
11623	
11625	
11627	
11629	
11632	12475,18689,19345
11634	
11636	
11638	
11639	
11641	
11643	
11645	
11647	
11649	
11651	
11653	
11655	
11657	
11659	
9827	
11661	
11663	
11665	
11667	
11669	
11672	
11674	
11676	
11678	
11680	
11682	
11684	
11686	
11688	
11690	
11692	
11695	
11697	
11699	
11701	15441
11703	
11705	
11706	
11708	
11710	
11712	
11714	
11716	
11718	
11720	
11722	
11724	13062,14537,17963,19024,19588
11726	
11728	
11730	
11732	
11734	
11736	14277,18133
11738	
11740	
11742	
11744	
11746	
11748	
11750	
11752	
11754	
11756	
11757	
11759	
11762	
11764	
11766	
11768	
5534	
11771	
11773	
11775	
11777	
11779	
11781	
11782	
11784	
11786	
11788	
11790	
11792	
11794	
11796	
11798	
11800	
11802	
11804	
11805	
11807	
11809	
11811	
11813	
11815	
11817	
11819	
11821	
11823	
11825	
11827	
11829	
11831	
11833	
11835	
11836	
11838	
11840	
11842	
11844	
11846	
11848	
11850	
11852	
11854	
11856	
11858	
11860	
11861	
11863	
11865	
11867	
11869	
11871	
11873	
11875	
11878	
11880	
11881	
11883	
11885	
11887	
11889	
11891	
11893	
11895	
11897	
11899	
11901	
11903	
11905	
11907	
11909	15643
11911	
11913	
11915	
11917	
11919	
11921	
11923	
11925	13526
11928	
11930	
11932	
11934	
11936	
11938	
11940	
11942	
11944	
11946	
11948	
11950	
11952	
11954	
11956	
11958	
11960	
11962	
11964	
11966	
11968	
11970	
11972	
11974	
11976	
11977	
11979	
11981	
11983	
11985	14810,17518
11987	
11989	
11991	
11992	
11994	
11997	
11998	
12000	
12002	
12004	
12006	
12008	
12010	
12013	
12015	
12017	
12019	
12021	18181
12024	
12026	
12028	
12030	
12032	
12034	
12036	
12038	12483
12040	
12042	
12044	
12046	
12048	
12050	
12052	
12054	
12056	
12058	
12060	
12062	
12064	
12066	
12068	
12070	
12072	
12074	
12076	
12078	
12080	
12082	
12084	
12086	
12087	
12089	
12091	
12093	
12095	
12097	
12099	
12101	
12103	
12105	
12107	
12109	
12111	
12113	
12115	
12117	
12119	
12121	
12123	
12125	
12127	
12129	
12131	
12133	
12135	
12137	
12139	
12141	
12143	
12145	
12147	
12149	
12151	
12153	
12155	
12157	
12159	
12161	
12163	
12165	
12167	17419,18653
12169	
12171	
12173	
12175	
12177	
12179	
12181	
12183	
12185	
12187	
12189	
7801	16210
12192	
12194	17080
12196	
12198	
12200	
12202	
12204	
12206	
12208	
12210	
12212	18409
12214	
12215	
12217	
12219	
12221	
12223	
12225	
12227	
12229	
12231	
12233	
12235	
12237	
12239	
12241	
12242	
12244	
12246	
12248	
12250	
12253	
12255	
12257	
12259	
12261	
12263	
12265	
12267	
12269	
12271	
12273	
12275	
12277	
12279	
12281	
12283	
12285	
12287	
12289	
12291	
12293	
12295	
12297	
12299	
12301	
12303	
12305	
12307	
12309	
12311	
12313	15492
12315	
12317	
12319	
12321	
12323	14537,17963,19024,19588
12325	
12327	
12329	
12331	
12333	
12335	
12337	
12339	
12341	
12342	
12344	
12346	
12349	
12351	
12353	
12355	
12357	
12359	16552
12361	
12363	
12365	
12367	
12369	
12371	
12373	
12375	
12377	
12379	
12381	
12383	
12385	
12387	
12389	
12391	
12393	
12395	
12397	
12398	
12400	
12402	
12404	
12406	
12408	
12410	
12412	
12414	
12416	
12418	
12419	
12422	
12424	
442	
12427	
12429	
12431	
12433	
12435	
12437	
12439	
12441	
12443	
12445	
12447	
12449	
12451	
12453	
12455	
12457	
12459	
12461	
12463	
12465	
12467	
12469	
12471	
12473	
12475	18689,19345
12477	
12479	
12481	
12483	
12484	
12486	
12488	
12490	
12492	
12494	
12496	
12498	17736
12500	
12502	
12504	
12507	19119
12509	
12511	
12513	
12515	
12517	
12519	
12521	
12523	
12525	
12526	
12528	
12530	
12532	
12534	
12536	
12538	
12540	
12542	
12544	
12545	
12547	
12549	
12551	
12553	
12554	
12556	
12558	
12560	
12562	
12564	
12566	
12568	
12570	
12571	
12573	
12575	
12577	
12579	
12581	
248	
12585	
12587	
12589	18432
12592	
12594	
12596	
12598	
12600	
12603	
12605	
12607	
12609	
12611	
12613	
12615	
12616	17525
12618	
12620	
12622	
12624	
12626	
12628	
12630	
12632	
12634	
12636	
12638	
12640	
12642	
12644	
12646	
12648	
12650	
12652	
12654	
12656	
12658	
12660	
12662	
12664	
12666	
12668	
12670	
12672	
12674	
12676	
12678	
12680	
12682	
12684	
12686	
12688	
12690	
12692	
12694	
12696	
12698	
12700	
12702	
12704	
12706	
12708	
12710	
12712	
12714	
12715	
12717	
1596	5903,17589
12720	
12722	
12724	
12726	
12727	
12729	
12731	
12733	
12735	
12736	
12738	
12740	
12742	
12744	
12746	
12748	
12749	
12751	
12753	
12755	
12757	
12759	
12761	
12763	
12765	
12767	
12769	
12771	
12773	
12775	
12777	
12779	
12781	
12783	
12785	
12787	
12789	
12791	
12793	
12795	
12797	
12799	
12801	
12803	
12805	
12807	
12809	
2712	
12811	
12813	
12815	
12817	
12819	
12821	
12823	
12825	
12827	
12829	
12831	
12833	
12835	
12837	
12839	
12841	
12843	
12845	
12847	
12849	
12851	
12853	
12855	
12857	
12859	
12861	
12863	
12865	
12867	
12868	
12870	
12872	
12874	
12876	12982,13634,13909,14283,17977,18009,18616,18933,19562
12878	
12880	
12882	
12884	
12886	
12889	
12891	
12893	
12895	
12898	
12900	
12902	
12904	
12906	
12908	
12910	
12912	
12914	
12916	
12918	
12920	
12922	
12924	
12926	
12928	
12930	16428
12932	
12934	
12936	
12938	
12940	
12942	
12944	
12946	
12948	
12950	
12952	
12954	
12956	
12958	
12960	
12962	
12964	
12966	
12968	
12970	
12972	
12974	
12976	
12978	
12980	
12982	13634,13909,14283,17977,18009,18616,18933,19562
12984	
12986	
12988	
12990	
12992	
12994	
12996	
12998	
13000	
13002	
13004	
13006	
13007	14167,16328
13009	
13011	
13013	17136
13015	
13017	
13019	
13021	
13023	
13025	
13027	
13029	
13031	
13033	
13035	
13037	
13039	
13041	
13043	
13045	
13047	
13049	
13050	
13052	
13054	
13056	
13058	
13060	
13062	17963
13064	
13066	
13068	
13070	
13072	
13074	
13076	
13078	
13080	
13082	
13084	
13086	
13088	
13090	
13092	
13094	
13096	
13098	
13100	
13102	
13103	
13105	
13107	
13109	
13111	
13114	
13116	
13118	
13120	
13122	
13124	
13126	
13128	
13130	
13132	
13134	
13136	
13138	
13140	
13142	
13145	
13148	
13150	
13152	
13154	
13156	
13158	
13160	
13162	
13164	
13166	
13168	
13170	
13172	
13174	
13176	
13178	
13180	
13182	
13184	
13185	
13187	
13189	
13191	
13193	
13195	
13197	
13199	
13200	
13202	
13204	
13206	
13208	
13210	
13212	
13214	
13216	
13217	
13219	
13221	
13223	
13225	
13227	
13229	
13231	
13233	
13235	
13237	
13238	
13240	
13242	
13244	
13246	
13248	16340,17410,18108
13250	
13252	
13253	
13255	
13257	
13259	
13261	
13263	
13265	
13267	
13269	
13271	
13273	
13275	
13277	
13279	13280
13281	
13283	
13285	
13287	
13289	
13291	
13292	
13294	
13296	
13298	
13300	
13302	
13304	
13306	
13308	
13310	
13312	
13314	13971
13316	
13318	
13320	
13322	
13324	
13326	
13328	
13330	
13332	
13334	
13336	
13338	
13340	
13342	
13344	
13346	
13348	
13350	
13352	
13354	
13355	
13357	
13359	
13361	
13363	
13365	
13367	
13369	
13371	
13374	
13376	
13378	
13380	
13382	
13384	
13386	
13388	
13390	
13392	
13394	
13396	
13398	
13400	
13402	
13404	
13406	
13408	
13410	
13412	
13414	
13416	
13418	
13420	
13422	
13424	
13426	
13428	
1962	
13431	
13433	
13435	
13437	
13439	
13441	
13443	
13445	
13447	
13449	
13451	19472
13453	
13455	
13457	
13459	
13461	
13463	
13465	
13467	
13469	
13471	
13473	
13475	
13477	
13479	
13481	
13483	
13485	
13487	
13489	
13491	
13493	
13495	
13498	
13500	
13502	
13504	
13506	
13508	
13510	
13512	
13514	
13516	
13518	
13520	
13522	
13524	
13526	
13528	
13530	
13532	
13534	
13536	
13538	
13540	
13542	
13544	
911	
13547	
13549	
13551	
13553	
13555	
13557	
13559	
13561	
13563	
13565	
13567	
13569	
13571	15679
13573	
13575	
13577	
13579	
13581	
13583	
13585	
12009	
13588	
13590	
13592	
13594	
13596	
13598	
13600	
2389	
13603	
13605	
13607	
13609	
13612	
13614	
13616	
13618	
13620	
13622	
13624	
13626	
13628	
13630	
13632	
13634	13909,14283,17977,18009,18616,18933,19562
13636	
13638	
13640	
13642	
13644	
13646	
13648	
13650	
13651	
13653	
13655	
13657	
13659	
13661	19138
13663	
13664	
13666	
13668	
13670	
13672	
13674	14006
13676	
13678	
13680	
13682	
13684	
13686	
7526	
13689	
13691	
13693	
13695	
13697	
13699	
13701	
13703	
13705	
13707	
13709	
13711	
13713	
13715	
13717	
13719	
13721	
13723	
13724	
13726	
13728	
13730	
13732	
13734	
13736	
13738	
13740	
13742	
13744	
13746	
13748	
13750	
13752	
13144	
13754	
13756	
13758	
13760	
13762	
13764	
13766	
13768	
13770	
13772	
13774	
13776	
13778	
13780	
13782	
13784	
13786	
13789	
13791	
13793	
13795	
13797	
13799	
13801	
13802	
13804	
13806	
13808	
13810	
13811	
13813	
13815	
5903	17589
13818	
13820	
13822	
13824	
13826	
13827	
13829	
13831	
13833	
13835	
13837	
13839	
13841	
13843	
13845	
13847	
13849	
13851	
13853	
13855	
13857	
13858	
13860	
13862	
13864	
13866	
13868	
13870	
13872	14246
13874	
13876	
13878	
13880	
13881	
13883	
13885	
13887	
13889	
13890	
13892	
13894	
13896	
13897	
13899	
13901	
13903	
13905	
13907	
13909	14283,17977,18009,18616,18933,19562
13911	
13913	
13915	17468,18961
13917	
13919	
13921	
13923	
13925	
13927	
13929	
13931	
13933	
13935	
13937	
13939	
6552	
13941	
13943	
13945	
13947	
13949	
13951	
13953	
13955	
13957	
13959	
13961	
13963	
13965	
13967	
13969	
13971	15407
13973	
13975	
13977	
13979	
13981	
13983	
13985	
13987	
13989	
13991	
13993	
13995	
13997	
13999	
14000	
14002	
14004	
14006	
14008	
14010	
14012	
14014	
14016	
14018	
14020	
14022	
14024	
14026	
14028	
14030	
14032	
14034	
14036	
14038	
14040	
14042	
14044	
14046	
14048	
14050	
14052	
14054	
14056	
14058	18185
14061	
14063	
14065	
14067	
14069	
14072	
14074	
14076	
14078	
14080	
14082	
14084	
14086	
14088	
14090	
14092	
14094	
14096	
14098	
14100	
14102	
14104	
14106	
14108	
14110	
14112	
14114	
14117	
14119	
14121	
14123	
14125	
14127	
14130	
14132	
14134	
14136	
14138	
14140	
14143	
14145	
14147	
14149	
14151	
14153	
14155	
6788	14726,18151
14159	
14161	
14165	14918
14167	
14169	
14171	
14173	
14175	
14177	
14179	
14180	
14182	
14184	
14186	
14188	
14190	
14192	
14194	
14196	15272,19133
14198	
14200	
14202	
9930	
14205	
14207	
14209	14967,15897
14211	
14213	
14215	
14217	
14219	
14221	
14222	
14224	
14226	
14228	
14230	
14232	19290
14234	
14236	
14238	
14240	
14242	
14244	
14246	
14248	
14250	
14252	
14254	
14256	
14258	
14260	
14262	
14264	
14266	
14268	
14270	
14272	
14273	
14275	
14277	18133
14279	
14281	
14283	17977,18009,18616,18933,19562
14285	
14287	
14289	
14291	
14293	
14295	
14297	
14299	
14302	
14304	
14306	
14308	
14310	
14312	
14313	
14315	
14317	
14319	
14321	
14323	
14324	
14326	
14328	
14330	
14332	
14334	
14336	
14338	
14340	
14342	
14344	
14346	
14348	
14350	
14352	
14354	
14356	
1714	
14359	
14361	
14363	
14365	
14367	
14369	
14371	
14373	
14375	
14377	
14379	
14382	
14384	
14386	
14388	
14390	
14392	
14394	
14396	
14398	
14400	
14402	
14404	
14406	
14408	17412
14410	
14412	
14413	
14415	
14417	
14419	
14421	
14423	
14425	
14427	
14429	
14431	
14433	
14435	
14437	
14439	
14441	
14443	
14445	
14447	
14449	
14451	
14453	
14455	
14457	
14459	14537,15443,17873,19024,19588
14461	
14463	
14465	
14467	
14469	
14471	
14473	
14475	
14477	
14479	
14480	
14482	
14484	
14486	
14488	
14491	
14493	
14495	
14497	
14499	
14501	
14503	
14505	
14507	
14508	
14510	
14512	
14514	
14516	
14518	
14520	
14522	
14524	
14526	
14528	
14530	
14531	
14533	
14535	
14537	15443,17873,19024,19588
14539	18037
14541	
14543	
14545	
14547	
14549	
14551	
14553	
14555	
8176	
14558	
14560	
14562	
14564	
14566	
14568	
14570	2471
14572	
14574	
14575	
14577	
14579	
14581	
14583	
14585	
14587	
14589	
14591	
14593	
14595	
14597	
14599	
14601	
14603	
14605	
14607	
14609	
14612	
14614	
14616	
14618	
14620	
14622	
14624	
14626	
14628	
14630	
14632	
14634	
14636	17159
14638	
14640	
14642	
14644	
14646	
14648	
14650	
14652	
14653	
14655	
14657	
14659	
14660	
14662	
14664	
14666	
14668	
14670	
14671	
14673	
14675	
14677	
14679	
14681	
14683	
14685	
14687	
14689	
14691	
14693	
14695	18851,19199
14697	
14699	
14701	
14703	
14705	
14707	
14709	
14711	
14713	
14715	
14717	
14719	17062
14721	
14722	
14724	
14726	18151
14728	
14730	
14732	
14734	
14736	
14737	
14739	
14741	
14743	
14745	
14747	
14749	
14751	
14753	
14755	
14757	
14759	
14762	
14765	
5123	
14768	
14770	
14772	
14773	
14775	
14777	
14779	
14781	
14784	
14786	
14788	
14790	
14792	
14794	
14796	
14798	
14800	
14802	
14804	
14806	
14808	
14810	
14812	
14814	
14816	
14818	
14820	
14822	
14824	
14826	
14828	
14830	
14832	
14834	
14836	
14838	
14840	
14842	
14844	
14846	
14848	
14851	
14853	
14855	
14857	
14859	
14861	
14863	
14865	
14867	
14869	
14871	
14873	
14875	
14877	
14879	
14881	
14883	
14885	
14887	
14888	
14890	
14892	
14894	
14897	
14899	
14901	
14903	
14905	
14907	
14909	
14911	
14913	
14915	
14916	17573
14918	
14920	
14922	
14924	
14926	
14928	
14930	
14932	
14934	
14936	
14938	
14940	
14942	
14944	
14946	
14948	
14950	
14952	
14954	
14956	
14958	
14959	
14961	19453
14962	
14964	
14967	15897
14968	
14970	
14972	
14974	
14976	
14978	
14980	
14982	
14984	
14986	
14988	
14990	
9737	
14993	
14995	
14997	
14999	
15000	
15002	
15004	
15006	
15008	
15010	
15012	
15014	
15016	
15018	
15020	
15022	
15024	
15026	
15028	
15030	
15032	
15034	
15036	
15038	
15040	
15042	
15044	
15046	
15048	
15050	
15052	
15054	
15056	
15058	
15060	
15062	17661
15064	
15066	
15068	
15070	
15072	
15074	
15076	
15078	
15080	
15082	
15084	
15086	
15088	
15090	
15092	
15094	
15096	
15099	
15101	
15103	
15105	
15107	
15109	
15111	
15113	
15115	
15117	
15119	
15121	
15123	
15125	
15127	
15129	
15131	
15133	
15135	
15137	
15139	
15141	
15143	
15145	
15147	
15149	
15151	
15153	
15155	
15157	
15158	
15159	
15161	
15163	
15165	
15167	
15169	
15171	
15173	
15175	
15177	
15179	
15181	
15183	
15185	
15187	
15189	
15191	
15193	
15195	
15197	
15199	
15201	
15203	
15205	
15207	
15209	
15211	18104
15213	
15215	
15217	
15219	
15221	
15223	
13280	
15226	
15228	
15229	
15231	
15233	
15235	
15237	
15239	
15241	
15243	
15245	
15247	
15249	
15251	
15253	
15255	
15257	
15259	
15261	
15262	
15264	
15266	
15268	
15270	
15272	19133
15274	
15276	
15278	
15280	
15282	
15284	
15286	
15288	17754
15290	
15292	16706,17225,17762
15294	
15296	
15298	
15300	
15302	
2225	
15305	
15307	
15310	
15312	
15314	
15316	
15318	
15320	
15322	
15324	
15326	
15328	
15330	
15332	
15334	
15336	
15338	
15340	
15342	
8829	
15345	
15347	
15349	
15350	
15352	
15354	
15356	
15358	
15360	
15362	
15364	
15366	
15368	
15370	
15372	
15374	
15376	
15378	
15380	
15382	
15384	
15386	
15388	
15390	
585	
15393	
15395	
15397	
15399	
15401	
15403	
15405	
15407	
15409	
15411	
15413	
15415	
15417	
15419	
15421	
15423	
15425	
15427	
15429	
15431	
6749	
15433	
15435	
15437	
15439	
15441	
15443	17873,19024,19588
15445	
15447	
15449	
15451	
15453	
15455	
15457	
15459	
15461	
15463	
15465	
15467	
15469	
15471	
15473	
15474	
15476	
15478	
15480	
15482	
15484	
15486	
15488	
15490	
15492	
4307	
15495	
15497	
15499	
15501	
15503	
15505	
15507	
15509	
15511	
15513	
15515	
15517	
15519	
15521	
15523	16470,18770,19659
15525	
15527	
15529	
15531	
15533	
15535	
15537	
15539	
15541	
15543	
15545	
15548	
15550	
15552	
15554	
15556	
15558	
15560	
15562	
15564	
15566	
15568	
15570	
15572	
15574	
15576	
15578	
15580	
15582	
15584	
15586	
15588	
15590	
15592	
15594	
15597	
15599	
15601	
15603	
15605	
15607	
15609	
15611	
15613	
15614	
15616	
15618	
15620	
15622	
15624	
15626	
10630	
15629	
15631	
15633	
15634	
15636	
15638	
15640	
7102	
15643	
15645	
15647	
15649	
15651	
15653	
15655	
15657	
15659	
15661	
15663	
15665	
15667	
15669	
15673	
15675	
15677	
15679	
15681	
15683	
15685	
15687	
15689	
15691	
15693	
15695	
15697	
15699	
15701	
15703	
15705	
15707	
15709	
15711	
15713	
15715	
15717	
15720	
15722	
15724	
15726	
15728	
15730	
15732	
15734	
15736	
15738	
15740	
15742	
15746	
15748	
15750	
15753	
15755	
15757	
15759	
15761	
15763	
15766	
15768	
15770	
15772	
15774	
15776	
15778	
15780	
15782	
15632	
15785	
15787	
15789	
15791	
15793	
15795	
15797	
15799	
15801	
15803	
2471	
15806	
15808	
15810	
15812	
15814	
15816	
15818	
15820	
15822	19227
15824	18804
15826	
15828	
15830	
15832	
15834	
15836	
15838	
15840	
15842	
15844	
15847	
15849	
15851	
15853	
15855	
15857	
15859	
15861	
15863	
15865	
15866	
15868	
15870	18601,19370
15872	16235
15874	
15876	
15878	
15880	
15882	
15884	
15886	
15888	
15890	
15892	
15894	
15897	
15899	
15901	
15903	
15905	
15907	
15909	
15911	
15913	
15915	
15917	
15919	
15921	
15923	
15925	
15927	
15930	
15932	
15934	
10730	
15937	
15939	
15941	
15943	
15945	
15947	
15949	
15951	
15953	
15955	
15957	
15959	
15961	
15963	
15965	
15967	
15969	
15971	
15973	
15975	
15977	
15979	
15981	
15983	
15985	
15987	
15989	
15991	
15992	
15994	
15996	
15998	
16000	
16002	
16004	
16006	
16008	
16010	
16012	
16014	
16016	
16018	
16020	
16022	
16024	
16026	
16028	
16030	
16032	
16034	
16036	
16038	
16040	
16042	
16044	
16046	
16048	
16050	
16052	
16054	
16056	
16058	
16060	
16062	
16064	
16066	
16068	
16070	
16072	
16074	
16075	
16077	
16079	
16081	
16083	
16085	
16087	
16089	
16090	
16092	
16094	18159,19681
16096	
16098	
16100	
16102	
16104	
16106	
16108	
16110	
16112	
16114	
16116	
16118	
16120	
16122	
16124	
16126	
16127	
16129	
16131	
16133	
16135	
16138	
16140	
16142	
16144	
16146	
16148	
16150	
16152	
16154	
16156	
16158	
16160	
16162	
16164	
16166	
16168	
16170	
16172	
16174	
16176	
16177	
16179	
16181	
16183	
16185	
16187	
16189	
16191	
16193	
16195	
16197	
16199	
16200	
16202	
16204	
16206	
16208	
16210	
16212	
16214	
16215	
16217	
16219	
16221	
16223	
16225	
16227	
16229	
16231	
16233	
16235	
16237	
16239	
16241	
16243	
16245	
16247	
16249	
16251	
16253	
16255	
16257	
16259	
16261	
16263	
16265	
16267	
16269	
16271	
16273	
16275	
16277	
16279	
16281	
16283	
16285	
16287	
16289	
16291	
16293	
16296	
16298	
16300	
16302	
16304	
16306	
16308	
16310	
16312	
16314	
16316	
16318	
16320	
16322	
16324	
16280	
16326	
16328	
16330	
16332	
16334	
16336	
16338	
16340	17410,18108
16342	
16344	
10330	
16347	
16349	
16352	
16354	
16356	
16358	
16360	
16362	
16364	
16366	18223,19743
16368	
16370	
16372	19204
16374	
16376	
16378	
16380	
16382	
16384	
16385	
16387	
16389	
16391	
16393	
16396	
16398	
16400	
16402	
16404	
16406	
16408	
16410	
16412	
16414	
16416	
16418	
16420	
16422	
16424	
16426	
16428	
16430	
16432	
16434	
3392	
16436	
16438	
16440	
16442	
16444	
16446	
16448	
16450	
16452	
16454	
16456	
16458	
16460	
16462	
16464	
16466	
16468	
16470	18770,19659
16472	
16474	
16475	
16477	
16479	
16481	
16483	
16485	
16486	
16488	
16490	
16491	
16493	
16495	
16497	
16499	
16501	
16503	
16505	
16507	
16509	
16511	
16513	
16515	
16517	
16519	
16521	
16522	
16525	
16527	19103
16529	
16531	
16533	
16535	
16537	
16539	
16541	
16543	
16545	
16546	
16548	
16550	
16552	
16554	
16556	
16559	
16561	
16563	
16565	
16566	
16568	
16570	
16572	
16574	
16576	
16578	
16580	
16582	
16584	
16586	
16588	
16589	
16591	
16593	
16595	
16597	
16599	
16601	
16603	
16605	
16607	
16609	
16611	
16613	
16615	
16617	
16619	
16621	
16623	
16625	
16627	
16629	
16631	
16633	
16635	
16637	
16639	
16641	
16643	
16645	
16647	
16649	
16651	
16653	
16655	
16657	
16659	
16661	
16664	
16666	
16668	
16670	
16672	
16674	
16676	
16678	
16680	
16683	
16685	
16687	
16689	
16691	
16693	
16695	
16696	
16698	
16700	
16702	
16703	
16706	17225,17762
16708	
16710	
16712	
16714	
16717	
16719	
16721	
16723	
16725	
16727	
16729	
16731	
16733	
16735	
16737	
16739	
16741	
16743	
16745	
16747	
16749	
16751	
16753	
16755	
16757	
16759	
16761	
16763	
16765	
16767	
16769	
16771	
8975	
16774	
16776	
16778	
16780	
16782	
16784	
16786	
16788	
16790	
16792	
16794	
16796	
16798	
16800	
16802	
16804	
16806	
16808	
16810	
16812	
16814	
16815	
16817	
16819	
16821	
16823	
16825	
16827	
16829	
16831	
16833	
16835	
16837	
16839	
16841	
16843	
16845	
16847	
16849	
16851	
16853	
16855	
16857	
16859	
16861	
16863	
16865	
16867	
16869	
16871	
16873	
16875	
16877	
16879	
16881	
16883	
16885	
16887	
16889	
16891	
16893	
16895	
16897	
16899	
16901	
16903	
16905	
16907	
16909	
16911	
16913	
16915	
16917	
16919	
16921	
16923	
16925	
16927	
16929	
16931	
16933	
16935	
16937	
16939	
16941	
16943	
16945	
16947	
16949	
16951	
16953	
16955	
16957	
16959	
16961	
16963	
16965	
16967	
16969	
16971	
16973	
16975	
16977	
16979	
16981	
16983	
16985	
16987	
16989	
16991	
16993	
16995	
16997	
16999	
17001	
17003	
17005	
17007	
17009	
17011	
17013	
17015	
17017	
17019	
17021	
17023	
17025	
17027	
17029	
17031	
17032	
17034	
17036	
17038	
17040	
17042	
17043	
17045	
17047	
17049	
17051	
17053	
17055	
17058	
17059	
17062	
17064	
17066	
17068	
17070	
17072	
17074	
17076	
17078	
17080	
17082	
17084	
17086	
17089	
17091	
17093	
17095	
17096	
17098	
17100	
17101	
17103	
17105	
17107	
17109	
17111	
17113	
17116	
17118	
17120	
16773	
17123	
17125	
17127	
17129	
17131	
17133	
17136	
17138	
17140	
17142	
17144	
17147	
17149	
17150	
17152	
17154	
17156	
17157	
17159	
17161	
17163	
17165	
17167	
17169	
17171	
17172	
17174	
17176	19196,19334
17178	
17180	
17182	
17184	17472
17186	
17188	
17190	
17192	
17194	
17196	
17198	
17200	
17201	
17203	
17205	
17207	
17209	
17211	
17213	
17215	
17217	
17219	
17221	
17223	
17225	17762
17227	
17229	
17231	
17232	
17234	
17236	
17238	
17240	
17242	
11175	
17245	
17247	
17249	
17251	
17252	
17254	
17256	
17258	
17260	
17262	
17264	
17266	
17268	
17270	
17272	
17274	
17276	
17278	10804
17280	
17282	
17284	
17286	
17288	
17290	
17291	
17293	
17295	
17297	
17299	
17301	
17303	
17304	
17306	
17308	
17310	
17312	
17314	
17316	
17318	
17320	
17322	
17324	
17326	
17328	
17330	
17332	
17334	
17335	
2847	
17337	
17339	
17341	
17343	
17345	
17347	
17349	
17351	
17353	
17355	
17357	
17359	
17360	
17362	
17364	
17366	
17368	
17370	
17372	
17374	
17376	
17378	
17380	
17382	
17384	
17386	
17388	
17390	
17392	
17394	
17396	
17398	
17400	
17402	
17404	
17406	
17408	
17410	18108
17412	
17413	
17415	
17417	
17419	18653
17421	
17423	
17425	
17427	
17429	
17431	
17433	
17435	
17437	
17438	
17440	
17442	
17444	
17446	
17448	
17450	
17452	
17454	
17456	
17457	
17460	
17462	
17464	
17466	
17468	18961
17470	
17472	
17474	
17476	
17478	
17480	
17482	
17484	
17486	
17488	
17490	
17492	
17494	
17496	
17498	
17500	
17502	
17504	
17506	
17508	
17510	
17512	
17514	
17516	
17518	
17519	
17521	
17523	
17525	
17527	
17529	
17531	
17533	
17535	
17537	
17538	
17540	
17542	
17544	
17547	
17549	
17551	
17553	
17555	
17557	
17559	
17561	
17563	
17565	
17567	
17569	
17571	
17573	
17575	
17577	
17579	
17581	
17583	
17585	
17587	
17589	
17590	
17593	
17595	
17596	
17598	
17600	
17602	
17604	
17606	
17608	
17610	
17612	
17614	
17617	
17619	
17621	
17623	
17625	
17627	
17628	
17630	
17632	
17634	
17636	
8450	
17639	
17641	
17643	
17645	
17647	
17649	
17651	
17653	
17655	
17657	
17659	
17661	
17663	
17665	
17667	
17669	
17671	
17673	
17675	
17677	
17679	
17681	
8034	
17684	
17686	
17688	
17690	
17692	
17694	
17696	
17699	
17701	
17703	
17705	
17707	
17709	
17712	
17714	
17716	
17719	
17721	
17723	
17725	
17728	
17730	
17732	
17734	
17736	
17738	
17740	
17742	
17744	
17746	
17748	
17750	
17752	
17754	18327
17755	
17757	
17759	
17761	
17762	
17764	
17766	
17768	
17770	
17772	
17774	
17776	
17778	
17780	
17782	
17784	
17785	
17787	
17789	
10804	
17791	
17792	
17794	
17796	
17798	
17800	
17803	
17805	
17807	
17809	
17811	
17813	
17815	
17817	
17819	
17821	
17823	
17824	19556
17826	
17828	
17830	
17832	
17834	
17836	
17838	
17840	
17842	
17844	
17846	
17848	
17850	
17852	
17855	
17857	
17859	
17861	
17863	
17865	
17867	
17869	
17871	
17873	19024,19588
17875	
17877	
17879	
17881	
17883	
17885	
17886	
17888	
17890	
17892	
17894	
17895	
17897	
17898	
17900	
17902	
17904	17920,7682,19081
17906	
17908	
17910	
17912	
17914	
17916	
17918	
17920	7682
17922	
17924	
17926	
17928	
17930	
17932	
17934	
17936	
17938	
17940	
17943	
17945	
17947	
17949	
17951	
17953	
17954	
17956	
17958	
17961	
17963	
17965	
17967	
17969	
17971	
17973	
17975	
17977	18009,18616,18933,19562
17979	
17981	
17983	
17985	
17987	
17989	
17991	
17993	
17995	
17997	
17999	
18001	
18003	
18005	
18007	
18009	18616,18933,19562
18011	
18013	
18015	
18017	
18019	
18021	
18023	
18025	
18027	
18029	
18031	
18033	
18035	
18037	
18039	
18041	
18043	
7088	
5263	
18046	
18048	
18050	
18052	
18054	
18056	
18058	
18060	
18062	18776
18064	
18066	
18068	
18070	
18072	
18075	
18077	
18079	
18081	
18083	
18085	
18087	
18089	
18092	
18094	
18096	
18098	
18100	
18102	
18104	
18106	
18108	
18109	
18111	
18113	
18115	
18117	
18119	
18121	
18123	
18125	
18127	
18129	
18131	
18133	
18135	
18137	
18139	
18141	
18143	
18145	
18147	
18149	
18151	
18153	
18155	
18157	
18159	19681
18161	
18163	
18164	
18166	
18168	
18170	
18172	
18173	
18175	
18177	
18179	
18181	
18183	
18185	
18187	
18188	
18190	
18192	
18195	
18197	
18199	
18201	
18203	
18205	
18206	
18208	
18210	
18212	
18214	
18216	
18218	
18219	
18221	
18223	19743
18225	
18227	
18229	
11032	
18232	
18234	
18236	
18238	
18240	
18242	
18245	
18247	
18249	
18251	
18253	
18255	
18257	
18259	
18261	
18263	
18265	
18267	
18269	
18271	
2575	
18274	
18276	
18279	
18281	
5724	
18283	
18285	
18288	
18290	
18292	
18294	
18297	
18299	
18301	
18303	
18305	
18307	
18309	
18311	
18313	
18315	
18317	
18319	
18321	
18323	
18325	
18327	
18329	
18331	
18333	
18335	
18337	
18339	
18341	
18343	
18346	
18349	
18351	
18353	
11477	
18356	
18359	
18361	
18363	
17968	
9520	
18367	
18369	
18371	
18373	
18375	
18377	
18379	
18381	
18383	
18385	
18387	
18389	
18391	
18393	
18395	
18397	
18399	
18401	
18403	
18405	
18407	
18409	
18411	
18413	
18415	
18417	
18419	
18421	
18423	
18425	
18427	
18430	
18432	
18434	
18436	
18438	
18440	
18442	
18444	
18446	
18448	
18450	
18452	
18454	
18456	
18458	
18460	
16119	
18463	
18465	
18467	
18469	
18471	
18473	
14158	
18475	
18476	
18478	
18480	
18482	
18484	
18486	
18488	
18490	
18492	
18494	
18496	
18498	
18500	
18502	
18504	
18506	
18508	
18510	
18512	
18514	
18516	
18518	
18520	
18522	
18524	
18526	
18528	
18530	
18532	
18534	
18536	
18538	
18540	
18542	
18544	
18546	
18548	
18550	
18552	
18554	
18556	
18558	
18560	
18562	
18564	
18566	
18568	
18570	
18572	
18574	
18576	
18578	
18580	
18582	
18584	
18586	
18588	
18589	
18591	
18593	
18595	
18597	
18599	
18601	19370
18603	
18605	
16469	
18608	
18610	
18612	
18614	
18616	18933,19562
18618	
18621	
18623	
18625	
18627	
10958	
18630	
18632	
18634	
18636	
18638	
18640	
18642	
18644	
18647	
18649	
18651	
18653	
18655	
18657	
18659	
18661	
18663	
18665	
18667	
18669	
18671	
18673	
18675	
18677	
18679	
18681	
18683	
18685	
18687	
18689	19345
18691	
18693	
18695	
18697	
18698	
18700	
18702	
18704	
18706	
18708	
18710	
18712	
18714	
18716	
18718	
18720	
18722	
18724	
18726	
18728	
18730	
18732	
18734	
18736	
2607	
18739	
18741	
7682	19081
18744	
18746	
18748	
18750	
18752	
18754	
18756	
18758	
18760	
18762	
18764	
18766	
18768	
18770	19659
18772	
18774	
18776	19590,19642
18778	
18780	
18782	
18784	
18786	
18788	
18790	
18792	
18794	
18796	
18798	
18800	
18802	
18804	
18806	
18808	
18810	
18812	
18814	
18816	
18818	
18820	
18822	
18824	
18826	
18828	
18830	
18832	
18834	
18836	
18838	
18840	
18842	
18844	
18846	
18849	
18851	19199
18853	
18855	
18857	
18859	
18861	
18863	
18865	
18867	
18869	
18871	
18873	
18875	
1318	
18878	
18880	
18882	
18884	
18886	
18888	
18890	
18892	
18894	
18896	
18898	
18900	
18903	
18905	
18907	
18909	
18911	
18913	
18915	
18917	
18919	
18921	
18923	
18925	
18927	
18929	
18931	
18933	19562
18935	
18937	
18939	
18941	
18943	
18945	
18947	
18949	
11600	
18953	
18955	
18957	
18959	
18961	
18963	
18965	
18967	
18969	
18971	
18973	
18975	
18977	
18979	
18981	
18983	
18984	
18986	
18988	
18990	
18992	
18994	
18996	
18998	
19000	
19002	
19004	
19006	
19008	
19010	
19012	
19014	
19016	
19018	
19020	
19022	
19024	19588
19026	
19028	
19030	
19033	
19035	
19037	
19039	
19041	
19042	
19044	
19046	
19048	
19049	
19051	
19053	
19055	
19057	
19059	
19061	
19063	
19065	
19067	
19069	
19071	
19073	
19075	
19077	
19079	
19081	
19083	
19085	
19087	
19089	
19091	
19093	
19095	
19097	
19099	
19101	
19103	
19105	
19107	
19109	
19111	
19113	
19115	
19117	
19119	
19121	
19123	
19125	
19127	
19129	
19131	
19133	
19134	
19136	
19138	
19140	
19142	
19144	
19146	
19148	
19150	
19152	
19154	19765
19156	
19158	
19160	
19162	
19164	
19166	
19168	
19170	
19172	
19174	
19176	
19178	
19180	
19182	
19184	
19186	
19188	
19190	
19192	
19194	
19196	19334
19197	
19199	
19202	
19204	
19207	
19209	
19211	
19213	
19215	
19217	
19219	
19221	
19223	
19225	
19227	
19229	
19231	
19233	
19235	
19237	
19239	
19241	
19243	
19245	
19246	
19248	
19250	
19252	
19254	
19255	
19257	
19259	
19261	
19263	
19265	
19267	
19269	
19271	
19273	
19275	
19277	
19279	
19281	
19283	
19285	
19287	
19288	
19290	
19291	
19293	
19295	
19297	
19299	
19301	
19303	19573
19305	
19307	
19309	
19311	
19313	
19315	
19317	
19319	
19321	
19323	
19325	
19327	
19330	
19332	
19334	
19336	
19338	
19339	
19341	
19343	
19345	
19347	
19349	
19352	
19354	
19356	
19358	
19360	
19362	
19364	
19366	
19368	
19370	
19372	
19374	
19376	
19378	
19380	
7803	
19383	
19385	
19387	
19389	
19391	
19392	
19394	
19396	
19397	
19399	
19400	
19402	
19404	
19406	
19408	
19410	
19412	
19414	
19416	
19418	
19420	
19422	
19424	
19426	
19428	
19430	
19432	
19434	
19436	
19437	
19439	
19441	
19443	
19445	
19447	
19449	
19451	
19453	
19455	
19457	
19459	
19461	
19463	
19465	
19467	
19469	
6054	
19472	
18435	
19475	
19477	
19479	
19481	
19483	
19485	
19488	
19490	
19492	
19494	
19496	
19498	
19500	
19501	
19503	
19505	
19507	
19509	
19511	
19513	
19515	
19516	
19517	
19519	
19521	
19524	
19526	
19528	
19530	
14470	
19533	
19535	
19537	
19539	
19541	
19543	
19544	
19546	
19548	
19550	
19552	
19554	
19556	
19558	
19560	
19562	
19564	
19566	
19568	
19570	
19572	
19573	
19575	
19576	
19578	
19580	
19582	
19584	
19586	
19588	
19590	19642
19592	
19594	
19596	
19598	
19600	
19602	
19604	
19606	
19608	
19610	
19612	
19614	
19616	
19618	
19620	
19622	
19624	
19626	
19628	
19630	
19632	
19634	
19636	
19638	
19640	
19642	
19644	
19646	
19648	
19650	
19652	
19653	
19655	
19657	
19659	
19661	
19663	
19665	
19667	
19669	
19671	
19673	
19675	
19677	
19679	
19681	
19683	
19685	
19687	
19689	
19691	
19693	
19695	
19697	
19700	
19702	
19704	
19706	
19708	
19710	
19712	
19714	
19716	
19718	
19720	
19722	
19724	
19726	
19728	
19730	
1203	
19733	
19735	
19737	
19739	
19741	
19743	
19745	
19747	
19749	
19751	
19753	
19755	
19757	
19759	
19761	
19763	
19765	
19767	
19769	
19771	
